id,user_id,url,domain,risk_score,status,reasons,scanned_at
1,2,https://www.google.com,google.com,0,Safe,"[""No suspicious indicators triggered.""]","2026-03-10 23:07:14"
2,1,https://unique-district.com/,unique-district.com,0,Safe,"[""No suspicious indicators triggered.""]","2026-03-10 23:48:09"
3,1,https://www.google.com,google.com,0,Safe,"[""No suspicious indicators triggered.""]","2026-03-10 23:50:24"
4,2,http://faceb00k-security-alert.com/login/verify(shouldbedangerous),faceb00k-security-alert.com,47,Suspicious,"[""URL does not use HTTPS (+20)"",""Suspicious keyword(s): login, verify (+15)"",""Domain age appears recent based on placeholder analysis (+12)""]","2026-03-11 00:43:23"
5,2,https://www.google.com,google.com,0,Safe,"[""No suspicious indicators triggered.""]","2026-03-11 02:35:18"
6,2,http://faceb00k-security-alert.com/login/verify(shouldbedangerous),faceb00k-security-alert.com,47,Suspicious,"[""URL does not use HTTPS (+20)"",""Suspicious keyword(s): login, verify (+15)"",""Domain age appears recent based on placeholder analysis (+12)""]","2026-03-11 02:35:29"
7,2,https://github.com@evil-login-check.top/reset,evil-login-check.top,35,Suspicious,"[""Suspicious keyword(s): login, reset (+15)"",""URL contains @ symbol (+20)""]","2026-03-11 02:35:42"
8,2,http://s3.dualstack.us-east-2.amazonaws.com/blob-core-windows.net-roundcube.com.html/pddbg.html,s3.dualstack.us-east-2.amazonaws.com,69,Dangerous,"[""URL does not use HTTPS (+20)"",""URL is unusually long (+10)"",""Too many subdomains detected (+15)"",""Domain age appears recent based on placeholder analysis (+12)"",""Potential brand impersonation keywords detected (+12)""]","2026-03-11 02:36:17"
9,1,https://www.google.com,google.com,0,Safe,"[""No suspicious indicators triggered.""]","2026-03-11 03:26:04"
